"","pathways","z-score","Z_p-value"
"1","BIOCARTA_ACH_PATHWAY",2.72601031318264,0.00349914086156
"2","BIOCARTA_AGR_PATHWAY",0.622971611271421,0.276823583918496
"3","BIOCARTA_AKT_PATHWAY",27.8313340004837,1.63630885893372e-170
"4","BIOCARTA_AMI_PATHWAY",6.6613807654406,1.70548946433522e-11
"5","BIOCARTA_ASBCELL_PATHWAY",28.1992854251827,0
"6","BIOCARTA_BCR_PATHWAY",17.1120531966347,0
"7","BIOCARTA_BIOPEPTIDES_PATHWAY",28.9971671658374,6.60608462021807e-185
"8","BIOCARTA_CASPASE_PATHWAY",16.7117748158509,0
"9","BIOCARTA_CERAMIDE_PATHWAY",23.4588244576257,9.17784346961647e-122
"10","BIOCARTA_CHREBP2_PATHWAY",11.6821712895699,0
"11","BIOCARTA_CSK_PATHWAY",42.400262175518,0
"12","BIOCARTA_CTCF_PATHWAY",14.5424158768596,0
"13","BIOCARTA_CTL_PATHWAY",31.7059083197053,0
"14","BIOCARTA_CTLA4_PATHWAY",37.195622987384,0
"15","BIOCARTA_DEATH_PATHWAY",14.463774486195,0
"16","BIOCARTA_EGF_PATHWAY",0.129363008473834,0.450902148736229
"17","BIOCARTA_EIF4_PATHWAY",15.4854569819938,3.30119684738638e-54
"18","BIOCARTA_EXTRINSIC_PATHWAY",4.588345154915,2.57910166288269e-06
"19","BIOCARTA_FAS_PATHWAY",5.57001555011359,1.53071017407099e-08
"20","BIOCARTA_FCER1_PATHWAY",3.42850165405272,0.00033610116415979
"21","BIOCARTA_FIBRINOLYSIS_PATHWAY",3.44029600568368,0.000322727156102557
"22","BIOCARTA_GH_PATHWAY",14.6960244015257,0
"23","BIOCARTA_GLEEVEC_PATHWAY",5.15869347821332,1.47122229855323e-07
"24","BIOCARTA_GSK3_PATHWAY",24.9826965141565,8.12624639579353e-138
"25","BIOCARTA_HDAC_PATHWAY",23.5762883961173,0
"26","BIOCARTA_HIVNEF_PATHWAY",2.99058208564835,0.00152425334419096
"27","BIOCARTA_IGF1_PATHWAY",9.35997601511214,0
"28","BIOCARTA_IGF1MTOR_PATHWAY",24.9826965141565,8.12624639579353e-138
"29","BIOCARTA_IL12_PATHWAY",20.3394778947829,0
"30","BIOCARTA_IL17_PATHWAY",39.8467361193507,0
"31","BIOCARTA_IL7_PATHWAY",9.54970208516473,0
"32","BIOCARTA_INSULIN_PATHWAY",9.35997601511214,0
"33","BIOCARTA_INTRINSIC_PATHWAY",6.6613807654406,1.70548946433522e-11
"34","BIOCARTA_KERATINOCYTE_PATHWAY",41.7646711363773,0
"35","BIOCARTA_MET_PATHWAY",5.52084649184789,2.02103979249845e-08
"36","BIOCARTA_MITOCHONDRIA_PATHWAY",6.89721895683349,3.36743135823304e-12
"37","BIOCARTA_MTOR_PATHWAY",24.9826965141565,8.12624639579353e-138
"38","BIOCARTA_NDKDYNAMIN_PATHWAY",3.0279734441173,0.00135161518622882
"39","BIOCARTA_NFAT_PATHWAY",22.2626797112501,0
"40","BIOCARTA_NKCELLS_PATHWAY",19.8315620483748,1.29461684965842e-87
"41","BIOCARTA_NKT_PATHWAY",28.1992854251827,0
"42","BIOCARTA_NO2IL12_PATHWAY",35.8135221641489,0
"43","BIOCARTA_NUCLEARRS_PATHWAY",21.8443526311232,0
"44","BIOCARTA_PAR1_PATHWAY",22.1486366214662,9.02347695037269e-109
"45","BIOCARTA_PDGF_PATHWAY",0.129363008473834,0.450902148736229
"46","BIOCARTA_PPARA_PATHWAY",34.5351823276134,0
"47","BIOCARTA_STATHMIN_PATHWAY",31.7059083197053,0
"48","BIOCARTA_STRESS_PATHWAY",33.5006467650767,4.53763543467404e-246
"49","BIOCARTA_TCAPOPTOSIS_PATHWAY",39.374701413261,0
"50","BIOCARTA_TCR_PATHWAY",22.1262928508008,0
"51","BIOCARTA_TCRA_PATHWAY",35.8135221641489,0
"52","BIOCARTA_TCYTOTOXIC_PATHWAY",35.6668543676806,0
"53","BIOCARTA_TEL_PATHWAY",7.1388476162311,6.03729187854573e-13
"54","BIOCARTA_TFF_PATHWAY",10.4039073099982,0
"55","BIOCARTA_THELPER_PATHWAY",39.374701413261,0
"56","BIOCARTA_TNFR1_PATHWAY",13.3282872317416,1.14368373808465e-40
"57","BIOCARTA_TOB1_PATHWAY",35.6668543676806,0
"58","KEGG_ABC_TRANSPORTERS",9.05246498283626,0
"59","KEGG_ACUTE_MYELOID_LEUKEMIA",17.2173166051078,0
"60","KEGG_ADHERENS_JUNCTION",20.3227009155461,0
"61","KEGG_ADIPOCYTOKINE_SIGNALING_PATHWAY",41.6856824305762,0
"62","KEGG_ALANINE_ASPARTATE_AND_GLUTAMATE_METABOLISM",7.70281353525466,8.7516201182521e-15
"63","KEGG_ALDOSTERONE_REGULATED_SODIUM_REABSORPTION",14.0611058244628,4.80623100422563e-45
"64","KEGG_ALZHEIMERS_DISEASE",6.50819056855485,4.7507189439186e-11
"65","KEGG_AMINO_SUGAR_AND_NUCLEOTIDE_SUGAR_METABOLISM",46.2733507650126,0
"66","KEGG_AMINOACYL_TRNA_BIOSYNTHESIS",29.6871721520221,1.04480694833497e-193
"67","KEGG_AMYOTROPHIC_LATERAL_SCLEROSIS_ALS",4.19899246254951,1.52006097990197e-05
"68","KEGG_ANTIGEN_PROCESSING_AND_PRESENTATION",9.02322154933577,0
"69","KEGG_APOPTOSIS",23.790290270031,0
"70","KEGG_ARACHIDONIC_ACID_METABOLISM",26.5033659664255,0
"71","KEGG_ARGININE_AND_PROLINE_METABOLISM",10.8852898542536,9.31641142757114e-28
"72","KEGG_ARRHYTHMOGENIC_RIGHT_VENTRICULAR_CARDIOMYOPATHY_ARVC",26.7477418487859,1.15690934268233e-157
"73","KEGG_AUTOIMMUNE_THYROID_DISEASE",36.0172471185734,0
"74","KEGG_AXON_GUIDANCE",8.55435364604684,0
"75","KEGG_B_CELL_RECEPTOR_SIGNALING_PATHWAY",41.9561608085048,0
"76","KEGG_BETA_ALANINE_METABOLISM",6.01180993906115,1.12378671625816e-09
"77","KEGG_BIOSYNTHESIS_OF_UNSATURATED_FATTY_ACIDS",1.87200288117811,0.0329372373867571
"78","KEGG_BUTANOATE_METABOLISM",22.3349741951035,1.42475727581085e-110
"79","KEGG_CALCIUM_SIGNALING_PATHWAY",2.62720758851435,0.00468569024818852
"80","KEGG_CARDIAC_MUSCLE_CONTRACTION",37.8019231376066,0
"81","KEGG_CELL_ADHESION_MOLECULES_CAMS",21.2426425823365,3.19358581698899e-100
"82","KEGG_CELL_CYCLE",35.0287013958233,0
"83","KEGG_CHEMOKINE_SIGNALING_PATHWAY",39.781105579684,0
"84","KEGG_CHRONIC_MYELOID_LEUKEMIA",35.6808616872475,0
"85","KEGG_CITRATE_CYCLE_TCA_CYCLE",1.32148503560273,0.0988794170959994
"86","KEGG_COLORECTAL_CANCER",30.5366405318396,0
"87","KEGG_COMPLEMENT_AND_COAGULATION_CASCADES",2.56173389916827,0.00563658564005517
"88","KEGG_CYTOKINE_CYTOKINE_RECEPTOR_INTERACTION",58.977997818347,0
"89","KEGG_CYTOSOLIC_DNA_SENSING_PATHWAY",46.9081471990431,0
"90","KEGG_DILATED_CARDIOMYOPATHY",14.6395541884791,1.15102220348107e-48
"91","KEGG_DRUG_METABOLISM_CYTOCHROME_P450",60.1106480034961,0
"92","KEGG_DRUG_METABOLISM_OTHER_ENZYMES",20.952688785867,1.4624037619308e-97
"93","KEGG_ECM_RECEPTOR_INTERACTION",15.0669777290896,1.971843873829e-51
"94","KEGG_ENDOCYTOSIS",4.85322293666717,7.03350354920884e-07
"95","KEGG_ENDOMETRIAL_CANCER",12.9741551005179,0
"96","KEGG_EPITHELIAL_CELL_SIGNALING_IN_HELICOBACTER_PYLORI_INFECTION",54.8731951459252,0
"97","KEGG_ERBB_SIGNALING_PATHWAY",17.2248471457068,0
"98","KEGG_FATTY_ACID_METABOLISM",45.6315038043797,0
"99","KEGG_FC_EPSILON_RI_SIGNALING_PATHWAY",21.8216202052073,0
"100","KEGG_FC_GAMMA_R_MEDIATED_PHAGOCYTOSIS",7.7922010921047,4.3909512704033e-15
"101","KEGG_FOCAL_ADHESION",11.1339067933141,0
"102","KEGG_FRUCTOSE_AND_MANNOSE_METABOLISM",39.4565107986233,0
"103","KEGG_GALACTOSE_METABOLISM",50.8964866048913,0
"104","KEGG_GAP_JUNCTION",14.5182402890011,0
"105","KEGG_GLIOMA",37.190309710055,0
"106","KEGG_GLUTATHIONE_METABOLISM",2.61675129670739,0.004817912941461
"107","KEGG_GLYCEROLIPID_METABOLISM",4.32428109586783,8.75442299495809e-06
"108","KEGG_GLYCINE_SERINE_AND_THREONINE_METABOLISM",10.7296348334061,5.06315946371063e-27
"109","KEGG_GLYCOLYSIS_GLUCONEOGENESIS",56.220861869902,0
"110","KEGG_GLYCOSAMINOGLYCAN_BIOSYNTHESIS_KERATAN_SULFATE",13.3513743477651,8.42281908511065e-41
"111","KEGG_GLYCOSYLPHOSPHATIDYLINOSITOL_GPI_ANCHOR_BIOSYNTHESIS",11.2729402814698,1.24562855244813e-29
"112","KEGG_GNRH_SIGNALING_PATHWAY",3.96569004999393,4.10045158875163e-05
"113","KEGG_HEDGEHOG_SIGNALING_PATHWAY",12.4018215868816,0
"114","KEGG_HEMATOPOIETIC_CELL_LINEAGE",62.8056725706908,0
"115","KEGG_HUNTINGTONS_DISEASE",7.16062561859905,5.16858031484893e-13
"116","KEGG_HYPERTROPHIC_CARDIOMYOPATHY_HCM",22.372942273042,6.11406933672368e-111
"117","KEGG_INOSITOL_PHOSPHATE_METABOLISM",12.5182075823326,4.23527451176243e-36
"118","KEGG_INSULIN_SIGNALING_PATHWAY",3.32895786152619,0.000481338791419383
"119","KEGG_INTESTINAL_IMMUNE_NETWORK_FOR_IGA_PRODUCTION",31.8592021265715,0
"120","KEGG_JAK_STAT_SIGNALING_PATHWAY",61.9453720332299,0
"121","KEGG_LEUKOCYTE_TRANSENDOTHELIAL_MIGRATION",46.70112469079,0
"122","KEGG_LINOLEIC_ACID_METABOLISM",26.7019928367223,3.91758939358126e-157
"123","KEGG_LONG_TERM_DEPRESSION",16.7751419572848,2.88449239788015e-63
"124","KEGG_LONG_TERM_POTENTIATION",36.3882827750188,0
"125","KEGG_LYSINE_DEGRADATION",3.21105291592259,0.000728137137229242
"126","KEGG_LYSOSOME",51.0086682773224,0
"127","KEGG_MAPK_SIGNALING_PATHWAY",11.1475579959947,0
"128","KEGG_MELANOGENESIS",32.7614869305052,0
"129","KEGG_MELANOMA",47.193744834634,0
"130","KEGG_METABOLISM_OF_XENOBIOTICS_BY_CYTOCHROME_P450",56.1686949512631,0
"131","KEGG_MTOR_SIGNALING_PATHWAY",3.77508530914434,8.93578594650069e-05
"132","KEGG_N_GLYCAN_BIOSYNTHESIS",4.09031893298295,2.42075715037162e-05
"133","KEGG_NATURAL_KILLER_CELL_MEDIATED_CYTOTOXICITY",36.0808036370751,0
"134","KEGG_NEUROACTIVE_LIGAND_RECEPTOR_INTERACTION",36.3139949412486,9.55457571628781e-289
"135","KEGG_NEUROTROPHIN_SIGNALING_PATHWAY",23.8626373481816,0
"136","KEGG_NOD_LIKE_RECEPTOR_SIGNALING_PATHWAY",7.28446783667332,2.09253563640024e-13
"137","KEGG_NON_SMALL_CELL_LUNG_CANCER",6.39954965245562,9.70154174860162e-11
"138","KEGG_NOTCH_SIGNALING_PATHWAY",27.6400810250388,0
"139","KEGG_NUCLEOTIDE_EXCISION_REPAIR",6.01835343031972,1.08277835856195e-09
"140","KEGG_O_GLYCAN_BIOSYNTHESIS",10.0703126941341,5.03109032906487e-24
"141","KEGG_OLFACTORY_TRANSDUCTION",8.37192946397814,3.77552162109029e-17
"142","KEGG_OOCYTE_MEIOSIS",16.7366835281031,0
"143","KEGG_OXIDATIVE_PHOSPHORYLATION",56.3602133401545,0
"144","KEGG_PANCREATIC_CANCER",24.8543861885117,0
"145","KEGG_PARKINSONS_DISEASE",0.104100703499545,0.459751412912362
"146","KEGG_PATHWAYS_IN_CANCER",62.616184593734,0
"147","KEGG_PEROXISOME",5.73597481251737,5.86335232958627e-09
"148","KEGG_PHOSPHATIDYLINOSITOL_SIGNALING_SYSTEM",14.9086638267578,0
"149","KEGG_PPAR_SIGNALING_PATHWAY",7.1647633843182,5.03184897981119e-13
"150","KEGG_PRIMARY_BILE_ACID_BIOSYNTHESIS",11.3778066026859,0
"151","KEGG_PRIMARY_IMMUNODEFICIENCY",55.0684474924301,0
"152","KEGG_PRION_DISEASES",41.2737536173354,0
"153","KEGG_PROGESTERONE_MEDIATED_OOCYTE_MATURATION",30.2627691320429,0
"154","KEGG_PROSTATE_CANCER",32.9662889572544,0
"155","KEGG_PROXIMAL_TUBULE_BICARBONATE_RECLAMATION",41.7169070985846,0
"156","KEGG_PURINE_METABOLISM",5.13269480122575,1.68455586544191e-07
"157","KEGG_PYRIMIDINE_METABOLISM",27.8224956476498,2.08334705921272e-170
"158","KEGG_PYRUVATE_METABOLISM",28.0058618302296,1.26253998526646e-172
"159","KEGG_REGULATION_OF_ACTIN_CYTOSKELETON",24.7313327686365,0
"160","KEGG_REGULATION_OF_AUTOPHAGY",33.6298969167128,0
"161","KEGG_RENAL_CELL_CARCINOMA",38.3663753616904,0
"162","KEGG_RETINOL_METABOLISM",63.3553979905356,0
"163","KEGG_RIBOSOME",0.485174807147581,0.319648991632689
"164","KEGG_RIG_I_LIKE_RECEPTOR_SIGNALING_PATHWAY",32.3232518563911,0
"165","KEGG_RNA_DEGRADATION",15.8842617393107,0
"166","KEGG_SMALL_CELL_LUNG_CANCER",52.6570908083305,0
"167","KEGG_SNARE_INTERACTIONS_IN_VESICULAR_TRANSPORT",15.2095179903835,2.28440335947411e-52
"168","KEGG_SPLICEOSOME",30.9495669218244,0
"169","KEGG_STARCH_AND_SUCROSE_METABOLISM",49.7139384396947,0
"170","KEGG_STEROID_HORMONE_BIOSYNTHESIS",17.9445530494664,4.20169556829868e-72
"171","KEGG_SYSTEMIC_LUPUS_ERYTHEMATOSUS",53.2266866689517,0
"172","KEGG_T_CELL_RECEPTOR_SIGNALING_PATHWAY",39.1664441258577,0
"173","KEGG_TASTE_TRANSDUCTION",13.3404045444679,0
"174","KEGG_TGF_BETA_SIGNALING_PATHWAY",8.89312059428637,0
"175","KEGG_TIGHT_JUNCTION",35.253317896862,2.98151790453558e-272
"176","KEGG_TOLL_LIKE_RECEPTOR_SIGNALING_PATHWAY",45.8331838917266,0
"177","KEGG_TRYPTOPHAN_METABOLISM",22.6956425676912,4.20685188012641e-114
"178","KEGG_TYPE_II_DIABETES_MELLITUS",7.06695351800716,1.01234904128515e-12
"179","KEGG_TYROSINE_METABOLISM",20.5766511404175,3.64855459016267e-94
"180","KEGG_UBIQUITIN_MEDIATED_PROTEOLYSIS",1.0816826163374,0.147028942011542
"181","KEGG_VALINE_LEUCINE_AND_ISOLEUCINE_BIOSYNTHESIS",15.7134869959972,9.39174714325738e-56
"182","KEGG_VASCULAR_SMOOTH_MUSCLE_CONTRACTION",24.1505359193417,0
"183","KEGG_VASOPRESSIN_REGULATED_WATER_REABSORPTION",23.9273377959487,0
"184","KEGG_VEGF_SIGNALING_PATHWAY",39.8832041063581,0
"185","KEGG_VIBRIO_CHOLERAE_INFECTION",46.2590321418755,0
"186","KEGG_VIRAL_MYOCARDITIS",15.9648304541507,0
"187","KEGG_WNT_SIGNALING_PATHWAY",16.0195526766035,0
"188","KRCC",0.415547196071548,0.344292617328408
"189","REACTOME_ACTIVATED_AMPK_STIMULATES_FATTY_ACID_OXIDATION_IN_MUSCLE",1.06077280914827,0.15031447371671
"190","REACTOME_ACTIVATION_OF_ATR_IN_RESPONSE_TO_REPLICATION_STRESS",26.0674371372264,0
"191","REACTOME_ACTIVATION_OF_BH3_ONLY_PROTEINS",13.3890360379457,0
"192","REACTOME_ACTIVATION_OF_THE_PRE_REPLICATIVE_COMPLEX",26.0674371372264,0
"193","REACTOME_ADHERENS_JUNCTIONS_INTERACTIONS",10.4210601216392,0
"194","REACTOME_AMINE_LIGAND_BINDING_RECEPTORS",38.6109139236206,0
"195","REACTOME_APOPTOSIS",10.9030905262217,7.68955358522269e-28
"196","REACTOME_APOPTOTIC_EXECUTION_PHASE",5.2816437401836,7.59804062906428e-08
"197","REACTOME_AXON_GUIDANCE",17.8121059619255,4.48123896217474e-71
"198","REACTOME_BIOLOGICAL_OXIDATIONS",41.3793603274206,0
"199","REACTOME_CALCITONIN_LIKE_LIGAND_RECEPTORS",7.62815339991645,1.55361948022379e-14
"200","REACTOME_CD28_CO_STIMULATION",31.2074770635282,7.99464237108781e-214
"201","REACTOME_CD28_DEPENDENT_PI3K_AKT_SIGNALING",1.14733047897086,0.132582227903847
"202","REACTOME_CDC20_PHOSPHO_APC_MEDIATED_DEGRADATION_OF_CYCLIN_A",10.5273626525281,4.38079566866775e-26
"203","REACTOME_CDT1_ASSOCIATION_WITH_THE_CDC6_ORC_ORIGIN_COMPLEX",15.4318887928568,7.49273370002845e-54
"204","REACTOME_CELL_CELL_ADHESION_SYSTEMS",42.792066900062,0
"205","REACTOME_CELL_CYCLE_CHECKPOINTS",18.1556859595935,0
"206","REACTOME_CELL_CYCLE_MITOTIC",6.51871232273503,4.44375758111166e-11
"207","REACTOME_CELL_DEATH_SIGNALLING_VIA_NRAGE_NRIF_AND_NADE",15.5108991080085,0
"208","REACTOME_CELL_JUNCTION_ORGANIZATION",46.6079734472198,0
"209","REACTOME_CELL_SURFACE_INTERACTIONS_AT_THE_VASCULAR_WALL",13.5030409839113,1.09102876204334e-41
"210","REACTOME_CENTROSOME_MATURATION",10.9671616828611,3.80798902964465e-28
"211","REACTOME_CHEMOKINE_RECEPTORS_BIND_CHEMOKINES",48.8861976988329,0
"212","REACTOME_CHYLOMICRON_MEDIATED_LIPID_TRANSPORT",22.7317727425471,0
"213","REACTOME_CITRIC_ACID_CYCLE",5.81908216746572,3.60134121991392e-09
"214","REACTOME_CLASS_A1_RHODOPSIN_LIKE_RECEPTORS",16.2630876624598,0
"215","REACTOME_CLASS_B2_SECRETIN_FAMILY_RECEPTORS",7.62815339991645,1.55361948022379e-14
"216","REACTOME_CLATHRIN_DERIVED_VESICLE_BUDDING",50.1055427789376,0
"217","REACTOME_COLLAGEN_MEDIATED_ACTIVATION_CASCADE",12.4100154384,1.63921211329479e-35
"218","REACTOME_COMMON_PATHWAY",1.42562531526686,0.0819344357334082
"219","REACTOME_COSTIMULATION_BY_THE_CD28_FAMILY",4.14716496549754,1.90283796218545e-05
"220","REACTOME_CTLA4_INHIBITORY_SIGNALING",25.527216645578,8.59302118377678e-144
"221","REACTOME_CYCLIN_E_ASSOCIATED_EVENTS_DURING_G1_S_TRANSITION_",30.9257852617467,5.04700091908541e-210
"222","REACTOME_CYTOCHROME_P450_ARRANGED_BY_SUBSTRATE_TYPE",10.2252581868844,1.03234908643581e-24
"223","REACTOME_CYTOSOLIC_TRNA_AMINOACYLATION",17.9222785908281,6.24650262586964e-72
"224","REACTOME_DARPP32_EVENTS",21.9535299035674,0
"225","REACTOME_DEPOLARIZATION_OF_THE_PRESYNAPTIC_TERMINAL_TRIGGERS_THE_OPENING_OF_CALCIUM_CHANNELS",4.27994233997131,1.06623956149958e-05
"226","REACTOME_DIABETES_PATHWAYS",12.7556546548479,2.08420524860005e-37
"227","REACTOME_DNA_REPAIR",6.77264396840082,8.00289624160154e-12
"228","REACTOME_DNA_REPLICATION_PRE_INITIATION",5.72901088737595,6.08984563304697e-09
"229","REACTOME_DOUBLE_STRAND_BREAK_REPAIR",21.8654001748729,0
"230","REACTOME_DOWN_STREAM_SIGNAL_TRANSDUCTION",29.0032517847527,0
"231","REACTOME_DOWNSTREAM_EVENTS_IN_GPCR_SIGNALING",19.0158552428747,0
"232","REACTOME_DOWNSTREAM_SIGNALING_OF_ACTIVATED_FGFR",33.7108291460457,0
"233","REACTOME_DOWNSTREAM_TCR_SIGNALING",23.3505016928335,0
"234","REACTOME_E2F_MEDIATED_REGULATION_OF_DNA_REPLICATION",8.11778165021525,3.15142762341246e-16
"235","REACTOME_EARLY_PHASE_OF_HIV_LIFE_CYCLE",33.4382319929033,0
"236","REACTOME_ELECTRON_TRANSPORT_CHAIN",16.9499402691209,1.50408659265546e-64
"237","REACTOME_ELONGATION_AND_PROCESSING_OF_CAPPED_TRANSCRIPTS",4.38379115655763,6.71248272711309e-06
"238","REACTOME_ENERGY_DEPENDENT_REGULATION_OF_MTOR_BY_LKB1_AMPK",1.06077280914827,0.15031447371671
"239","REACTOME_ERK_MAPK_TARGETS",14.080930967353,0
"240","REACTOME_ETHANOL_OXIDATION",39.4252146161786,0
"241","REACTOME_FORMATION_AND_MATURATION_OF_MRNA_TRANSCRIPT",11.1944933747738,0
"242","REACTOME_FORMATION_OF_A_POOL_OF_FREE_40S_SUBUNITS",0.485174807147581,0.319648991632689
"243","REACTOME_FORMATION_OF_FIBRIN_CLOT_CLOTTING_CASCADE",10.9427894430605,0
"244","REACTOME_FORMATION_OF_PLATELET_PLUG",18.7911296790316,0
"245","REACTOME_FORMATION_OF_THE_TERNARY_COMPLEX_AND_SUBSEQUENTLY_THE_43S_COMPLEX",27.9305562554388,1.03026780133016e-171
"246","REACTOME_G_ALPHA_12_13_SIGNALLING_EVENTS",18.1999488408213,0
"247","REACTOME_G_ALPHA_I_SIGNALLING_EVENTS",12.9421794746345,0
"248","REACTOME_G_ALPHA_Q_SIGNALLING_EVENTS",21.2281547886146,0
"249","REACTOME_G_ALPHA_S_SIGNALLING_EVENTS",15.1198272398307,8.91901901054013e-52
"250","REACTOME_G1_S_TRANSITION",8.03574198915892,6.15250768293986e-16
"251","REACTOME_G2_M_CHECKPOINTS",31.1197880925675,0
"252","REACTOME_G2_M_TRANSITION",3.61190440845402,0.00016930916806461
"253","REACTOME_GAP_JUNCTION_TRAFFICKING",33.6696463840805,1.55541043644542e-248
"254","REACTOME_GENE_EXPRESSION",1.64130982853954,0.0540553768203037
"255","REACTOME_GENERATION_OF_SECOND_MESSENGER_MOLECULES",24.2341747166735,0
"256","REACTOME_GENES_INVOLVED_IN_APOPTOTIC_CLEAVAGE_OF_CELLULAR_PROTEINS",1.17614338024896,0.126755305639301
"257","REACTOME_GLUCONEOGENESIS",9.35234699943738,5.75014909478678e-21
"258","REACTOME_GLUCOSE_AND_OTHER_SUGAR_SLC_TRANSPORTERS",18.4608602034872,0
"259","REACTOME_GLUCOSE_METABOLISM",27.5826890745782,1.59796123663779e-167
"260","REACTOME_GLUCOSE_REGULATION_OF_INSULIN_SECRETION",16.6780794118285,1.46518288187658e-62
"261","REACTOME_GLUCOSE_TRANSPORT",44.5768238148172,0
"262","REACTOME_GLYCOLYSIS",34.2019717376799,2.19670448309057e-256
"263","REACTOME_GOLGI_ASSOCIATED_VESICLE_BIOGENESIS",50.1055427789376,0
"264","REACTOME_GPCR_LIGAND_BINDING",7.04824864208044,1.15439430589921e-12
"265","REACTOME_GTP_HYDROLYSIS_AND_JOINING_OF_THE_60S_RIBOSOMAL_SUBUNIT",0.485174807147581,0.319648991632689
"266","REACTOME_HEMOSTASIS",4.13599499752742,1.991907956846e-05
"267","REACTOME_HIV_INFECTION",19.1307116912029,0
"268","REACTOME_HIV_LIFE_CYCLE",21.9703529488645,0
"269","REACTOME_HORMONE_BIOSYNTHESIS",5.08247865142642,2.19040423578232e-07
"270","REACTOME_HOST_INTERACTIONS_OF_HIV_FACTORS",0.247685786737461,0.406456019706255
"271","REACTOME_IMMUNOREGULATORY_INTERACTIONS_BETWEEN_A_LYMPHOID_AND_A_NON_LYMPHOID_CELL",39.4642956650306,0
"272","REACTOME_INFLUENZA_LIFE_CYCLE",18.4208074492728,7.13052123670199e-76
"273","REACTOME_INFLUENZA_VIRAL_RNA_TRANSCRIPTION_AND_REPLICATION",0.485174807147581,0.319648991632689
"274","REACTOME_INNATE_IMMUNITY_SIGNALING",31.10231589448,0
"275","REACTOME_INORGANIC_CATION_ANION_SLC_TRANSPORTERS",38.9385009348186,0
"276","REACTOME_INSULIN_SYNTHESIS_AND_SECRETION",21.7130092165223,1.28605879593739e-104
"277","REACTOME_INTEGRATION_OF_ENERGY_METABOLISM",16.1363029380812,1.09351330360458e-58
"278","REACTOME_INTEGRIN_ALPHAIIBBETA3_SIGNALING",20.9476593697547,0
"279","REACTOME_INTEGRIN_CELL_SURFACE_INTERACTIONS",13.6264753937185,0
"280","REACTOME_INTRINSIC_PATHWAY_FOR_APOPTOSIS",20.8818611693689,0
"281","REACTOME_IRS_RELATED_EVENTS",11.4459335789058,0
"282","REACTOME_LATE_PHASE_OF_HIV_LIFE_CYCLE",4.36913308551807,7.15756316904748e-06
"283","REACTOME_LIPOPROTEIN_METABOLISM",22.7317727425471,0
"284","REACTOME_LOSS_OF_NLP_FROM_MITOTIC_CENTROSOMES",10.9671616828611,3.80798902964465e-28
"285","REACTOME_M_G1_TRANSITION",15.4318887928568,7.49273370002845e-54
"286","REACTOME_MAP_KINASES_ACTIVATION_IN_TLR_CASCADE",5.0757997665204,2.24795524001662e-07
"287","REACTOME_MAPK_TARGETS_NUCLEAR_EVENTS_MEDIATED_BY_MAP_KINASES",5.0757997665204,2.24795524001662e-07
"288","REACTOME_MEMBRANE_TRAFFICKING",40.622263406477,0
"289","REACTOME_METABLISM_OF_NUCLEOTIDES",11.3878197837525,0
"290","REACTOME_METABOLISM_OF_AMINO_ACIDS",17.7047860812401,3.01931704114045e-70
"291","REACTOME_METABOLISM_OF_BILE_ACIDS_AND_BILE_SALTS",30.0370247297054,0
"292","REACTOME_METABOLISM_OF_CARBOHYDRATES",54.7612956236973,0
"293","REACTOME_METABOLISM_OF_LIPIDS_AND_LIPOPROTEINS",28.8861673686325,0
"294","REACTOME_METABOLISM_OF_PROTEINS",20.7991472188481,0
"295","REACTOME_METABOLISM_OF_RNA",28.0427204562775,4.50992784584946e-173
"296","REACTOME_MITOTIC_M_M_G1_PHASES",15.101337336718,1.17622314655156e-51
"297","REACTOME_MITOTIC_PROMETAPHASE",12.3026845708422,6.20456423882394e-35
"298","REACTOME_MRNA_3_END_PROCESSING",5.80563824304948,3.89016001789563e-09
"299","REACTOME_MRNA_SPLICING",1.4661221600417,0.0763150543147514
"300","REACTOME_MRNA_SPLICING_MINOR_PATHWAY",14.1809882190024,0
"301","REACTOME_MTOR_SIGNALLING",1.06077280914827,0.15031447371671
"302","REACTOME_MUSCLE_CONTRACTION",17.0071584423447,0
"303","REACTOME_NCAM_SIGNALING_FOR_NEURITE_OUT_GROWTH",11.2898981893287,1.03099081592906e-29
"304","REACTOME_NCAM1_INTERACTIONS",21.9380007180336,9.42056399849331e-107
"305","REACTOME_NEF_MEDIATES_DOWN_MODULATION_OF_CELL_SURFACE_RECEPTORS_BY_RECRUITING_THEM_TO_CLATHRIN_ADAPTERS",16.495930844919,0
"306","REACTOME_NEP_NS2_INTERACTS_WITH_THE_CELLULAR_EXPORT_MACHINERY",15.5502769324786,1.20715530987817e-54
"307","REACTOME_NEURORANSMITTER_RECEPTOR_BINDING_AND_DOWNSTREAM_TRANSMISSION_IN_THE_POSTSYNAPTIC_CELL",19.3130613695644,3.3526423479916e-83
"308","REACTOME_NRAGE_SIGNALS_DEATH_THROUGH_JNK",7.5546619491358,2.72853412219225e-14
"309","REACTOME_NUCLEAR_EVENTS_KINASE_AND_TRANSCRIPTION_FACTOR_ACTIVATION",14.080930967353,0
"310","REACTOME_NUCLEOTIDE_EXCISION_REPAIR",6.01835343031972,1.08277835856195e-09
"311","REACTOME_OLFACTORY_SIGNALING_PATHWAY",4.24070961682427,1.26704815220042e-05
"312","REACTOME_OPIOID_SIGNALLING",25.72141908392,0
"313","REACTOME_ORC1_REMOVAL_FROM_CHROMATIN",15.4318887928568,7.49273370002845e-54
"314","REACTOME_P75_NTR_RECEPTOR_MEDIATED_SIGNALLING",15.5108991080085,0
"315","REACTOME_PD1_SIGNALING",41.2270745679189,0
"316","REACTOME_PEPTIDE_CHAIN_ELONGATION",0.485174807147581,0.319648991632689
"317","REACTOME_PEPTIDE_LIGAND_BINDING_RECEPTORS",25.6049026116752,0
"318","REACTOME_PEROXISOMAL_LIPID_METABOLISM",18.5025540092992,0
"319","REACTOME_PHASE_1_FUNCTIONALIZATION",23.8729300773949,5.0229516647493e-126
"320","REACTOME_PHASE_1_FUNCTIONALIZATION_OF_COMPOUNDS",30.427799302128,2.20030439665787e-203
"321","REACTOME_PHASE_II_CONJUGATION",32.7710209656243,1.45888390568321e-235
"322","REACTOME_PHOSPHORYLATION_OF_CD3_AND_TCR_ZETA_CHAINS",35.8135221641489,0
"323","REACTOME_PI3K_CASCADE",33.7108291460457,0
"324","REACTOME_PLATELET_ACTIVATION",18.7048375416729,0
"325","REACTOME_PLATELET_ACTIVATION_TRIGGERS",18.7056147486198,3.56639151891787e-78
"326","REACTOME_PLATELET_AGGREGATION_PLUG_FORMATION",20.9476593697547,0
"327","REACTOME_PLATELET_DEGRANULATION",24.5734163152132,0
"328","REACTOME_POST_TRANSLATIONAL_PROTEIN_MODIFICATION",11.7488188845065,0
"329","REACTOME_PP2A_MEDIATED_DEPHOSPHORYLATION_OF_KEY_METABOLIC_FACTORS",10.6703509965259,9.5657059383496e-27
"330","REACTOME_PROCESSING_OF_CAPPED_INTRON_CONTAINING_PRE_MRNA",11.5655444995238,4.34617200877049e-31
"331","REACTOME_PURINE_METABOLISM",38.5397792329182,0
"332","REACTOME_PYRUVATE_METABOLISM",5.91186357069929,2.06532932895886e-09
"333","REACTOME_PYRUVATE_METABOLISM_AND_TCA_CYCLE",0.0656063593944542,0.473845612979758
"334","REACTOME_REGULATION_OF_AMPK_ACTIVITY_VIA_LKB1",1.06077280914827,0.15031447371671
"335","REACTOME_REGULATION_OF_APC_ACTIVATORS_BETWEEN_G1_S_AND_EARLY_ANAPHASE",10.5273626525281,4.38079566866775e-26
"336","REACTOME_REGULATION_OF_BETA_CELL_DEVELOPMENT",5.38993541900221,4.1959415697578e-08
"337","REACTOME_REGULATION_OF_GENE_EXPRESSION_IN_BETA_CELLS",5.38993541900221,4.1959415697578e-08
"338","REACTOME_REGULATION_OF_INSULIN_SECRETION",12.5728092666971,2.13378187858579e-36
"339","REACTOME_REGULATION_OF_INSULIN_SECRETION_BY_GLUCAGON_LIKE_PEPTIDE_1",0.359854050956567,0.364258434527038
"340","REACTOME_REV_MEDIATED_NUCLEAR_EXPORT_OF_HIV1_RNA",15.5502769324786,1.20715530987817e-54
"341","REACTOME_RHO_GTPASE_CYCLE",44.1380711245941,0
"342","REACTOME_RNA_POLYMERASE_I_III_AND_MITOCHONDRIAL_TRANSCRIPTION",14.3654094382596,0
"343","REACTOME_RNA_POLYMERASE_I_PROMOTER_CLEARANCE",14.3654094382596,0
"344","REACTOME_RNA_POLYMERASE_II_TRANSCRIPTION",17.7147169024691,0
"345","REACTOME_S_PHASE",8.51268980882245,1.13594317210019e-17
"346","REACTOME_SCF_SKP2_MEDIATED_DEGRADATION_OF_P27_P21",30.9257852617467,5.04700091908541e-210
"347","REACTOME_SEMAPHORIN_INTERACTIONS",14.8551380667719,4.73933491413935e-50
"348","REACTOME_SEROTONIN_RECEPTORS",46.5443432197356,0
"349","REACTOME_SIGNALING_BY_PDGF",5.02510099061575,2.9223610797021e-07
"350","REACTOME_SIGNALING_BY_ROBO_RECEPTOR",6.19563640567419,3.60212499260168e-10
"351","REACTOME_SIGNALING_BY_WNT",19.4465256103444,2.51733850544354e-84
"352","REACTOME_SIGNALING_IN_IMMUNE_SYSTEM",32.533942069593,0
"353","REACTOME_SIGNALLING_BY_NGF",16.0595362570137,0
"354","REACTOME_SLC_MEDIATED_TRANSMEMBRANE_TRANSPORT",11.5361339726289,6.09716699893835e-31
"355","REACTOME_SMOOTH_MUSCLE_CONTRACTION",17.0071584423447,0
"356","REACTOME_SNRNP_ASSEMBLY",39.544856033436,0
"357","REACTOME_STEROID_METABOLISM",12.3298844140411,0
"358","REACTOME_SYNTHESIS_OF_BILE_ACIDS_AND_BILE_SALTS",22.793541112882,0
"359","REACTOME_SYNTHESIS_OF_DNA",2.40978179404577,0.0086140883775679
"360","REACTOME_SYNTHESIS_OF_GLYCOSYLPHOSPHATIDYLINOSITOL",11.7488188845065,0
"361","REACTOME_SYNTHESIS_OF_GPI_ANCHORED_PROTEINS",11.7488188845065,0
"362","REACTOME_TCR_SIGNALING",15.8855542210507,0
"363","REACTOME_TELOMERE_MAINTENANCE",42.0720253434786,0
"364","REACTOME_THE_ROLE_OF_NEF_IN_HIV1_REPLICATION_AND_DISEASE_PATHOGENESIS",26.2153005363793,0
"365","REACTOME_TIGHT_JUNCTION_INTERACTIONS",61.5202757242807,0
"366","REACTOME_TOLL_LIKE_RECEPTOR_3_CASCADE",12.8361202874801,0
"367","REACTOME_TOLL_RECEPTOR_CASCADES",23.1280216950524,0
"368","REACTOME_TRAF6_MEDIATED_INDUCTION_OF_THE_ANTIVIRAL_CYTOKINE_IFN_ALPHA_BETA_CASCADE",5.0757997665204,2.24795524001662e-07
"369","REACTOME_TRANSCRIPTION",22.6092517401413,0
"370","REACTOME_TRANSCRIPTION_COUPLED_NER",6.01835343031972,1.08277835856195e-09
"371","REACTOME_TRANSCRIPTION_OF_THE_HIV_GENOME",19.2467546540222,0
"372","REACTOME_TRANSLATION",0.485174807147581,0.319648991632689
"373","REACTOME_TRANSLATION_INITIATION_COMPLEX_FORMATION",27.9305562554388,1.03026780133016e-171
"374","REACTOME_TRANSLOCATION_OF_ZAP70_TO_IMMUNOLOGICAL_SYNAPSE",35.8135221641489,0
"375","REACTOME_TRANSMEMBRANE_TRANSPORT_OF_SMALL_MOLECULES",27.5102029419325,1.17449861857894e-166
"376","REACTOME_TRANSMISSION_ACROSS_CHEMICAL_SYNAPSES",27.6532759395878,2.2795579798832e-168
"377","REACTOME_TRANSPORT_OF_MATURE_MRNA_DERIVED_FROM_AN_INTRON_CONTAINING_TRANSCRIPT",19.5138073585554,6.7933081210403e-85
"378","REACTOME_TRKA_SIGNALLING_FROM_THE_PLASMA_MEMBRANE",1.44385281010611,0.0793912128787222
"379","REACTOME_TRNA_AMINOACYLATION",20.5431575711691,7.24474254271274e-94
"380","REACTOME_VIRAL_MRNA_TRANSLATION",0.485174807147581,0.319648991632689
"381","REACTOME_XENOBIOTICS",32.1189437703908,2.28436256278989e-226
